<AODVEvent 0, 1, Node 1, Node 0, >
<AODVEvent 0, 1, Node 1, Node 2, >
<AODVEvent 0, 1, Node 1, Node 3, >
<AODVEvent 0, 1, Node 1, Node 4, >
<AODVEvent 1, 1, Node 2, Node 0, >
<AODVEvent 1, 1, Node 3, Node 0, >
<AODVEvent 1, 2, Node 0, Node 1, >
<AODVEvent 2, 0, Node 1, Node 0, node 1 to node 0>
<AODVEvent 3, 1, Node 3, Node 0, >
<AODVEvent 3, 1, Node 3, Node 1, >
<AODVEvent 4, 1, Node 0, Node 1, >
<AODVEvent 4, 1, Node 0, Node 2, >
<AODVEvent 4, 1, Node 1, Node 0, >
<AODVEvent 4, 1, Node 1, Node 2, >
<AODVEvent 4, 1, Node 1, Node 4, >
<AODVEvent 5, 1, Node 2, Node 1, >
<AODVEvent 5, 2, Node 4, Node 1, >
<AODVEvent 6, 1, Node 3, Node 0, >
<AODVEvent 6, 1, Node 3, Node 1, >
<AODVEvent 6, 2, Node 1, Node 3, >
<AODVEvent 7, 0, Node 3, Node 1, node 3 to node 4>
<AODVEvent 7, 1, Node 0, Node 1, >
<AODVEvent 7, 1, Node 0, Node 2, >
<AODVEvent 7, 1, Node 1, Node 0, >
<AODVEvent 7, 1, Node 1, Node 2, >
<AODVEvent 7, 1, Node 1, Node 4, >
<AODVEvent 8, 0, Node 1, Node 4, node 3 to node 4>
<AODVEvent 8, 2, Node 2, Node 0, >
<AODVEvent 9, 2, Node 0, Node 3, >
<AODVEvent 10, 0, Node 3, Node 0, node 3 to node 2>
<AODVEvent 11, 0, Node 0, Node 2, node 3 to node 2>
